comunidad,encuestas_totales,encuestas_cubiertas,encuestas_incompletas,porcentaje,total_centros
BALEARES,41,38,3,92.6829268292683,1
CANTABRIA,701,546,155,77.88873038516405,3
CASTILLA LA MANCHA,74,58,16,78.37837837837837,1
CASTILLA LEÓN,1629,1283,346,78.75997544505832,9
CEUTA,667,547,120,82.00899550224888,2
LA RIOJA,496,392,104,79.03225806451613,3
MADRID,188,171,17,90.95744680851064,2
MELILLA,703,454,249,64.58036984352773,2
