comunidad,encuestas_totales,encuestas_cubiertas,encuestas_incompletas,porcentaje,total_centros
Islas Baleares,41,38,3,92.6829268292683,1
Cantabria,701,546,155,77.88873038516405,3
Castilla-La Mancha,74,58,16,78.37837837837837,1
Castilla y León,1629,1283,346,78.75997544505832,9
Ceuta,667,547,120,82.00899550224888,2
La Rioja,496,392,104,79.03225806451613,3
Madrid,188,171,17,90.95744680851064,2
Melilla,703,454,249,64.58036984352773,2
