comunidad,encuestas_totales,encuestas_cubiertas,encuestas_incompletas,porcentaje,total_centros
Totales,4540,2662,1878,58.63436123348018,13
ANDALUCIA,0,0,0,,1
ARAGÓN,91,78,13,85.71428571428571,1
CASTILLA Y LEÓN,506,297,209,58.69565217391305,3
CATALUÑA,1020,574,446,56.27450980392157,2
PAÍS VASCO,2923,1713,1210,58.60417379404721,6
